{
  "project_info": {
    "project_number": "1032313495866",
    "firebase_url": "https://productos2019.firebaseio.com",
    "project_id": "productos2019",
    "storage_bucket": "productos2019.appspot.com"
  },
  "client": [
    {
      "client_info": {
        "mobilesdk_app_id": "1:1032313495866:android:8e717e7188e49e8e",
        "android_client_info": {
          "package_name": "com.example.parra.practicaad2trimestreapc"
        }
      },
      "oauth_client": [
        {
          "client_id": "1032313495866-vdb49gtsd187131oakfdqatlrcg1v4gq.apps.googleusercontent.com",
          "client_type": 3
        }
      ],
      "api_key": [
        {
          "current_key": "AIzaSyDrNMGv_xjaVdGAplgPEq9NGnScJXixOfw"
        }
      ],
      "services": {
        "analytics_service": {
          "status": 1
        },
        "appinvite_service": {
          "status": 1,
          "other_platform_oauth_client": []
        },
        "ads_service": {
          "status": 2
        }
      }
    }
  ],
  "configuration_version": "1"
}