{
  "project_info": {
    "project_number": "293471921885",
    "firebase_url": "https://goteamappv2.firebaseio.com",
    "project_id": "goteamappv2",
    "storage_bucket": "goteamappv2.appspot.com"
  },
  "client": [
    {
      "client_info": {
        "mobilesdk_app_id": "1:293471921885:android:1692481e72a6e573",
        "android_client_info": {
          "package_name": "com.example.parra.goteamapp"
        }
      },
      "oauth_client": [
        {
          "client_id": "293471921885-8fu27sgblfvjnhc7sn9on61hbtlt67qn.apps.googleusercontent.com",
          "client_type": 3
        }
      ],
      "api_key": [
        {
          "current_key": "AIzaSyD4PJT0CXh8pucFhu23s2VqbttFnowjQ90"
        }
      ],
      "services": {
        "analytics_service": {
          "status": 1
        },
        "appinvite_service": {
          "status": 1,
          "other_platform_oauth_client": []
        },
        "ads_service": {
          "status": 2
        }
      }
    }
  ],
  "configuration_version": "1"
}