{
  "project_info": {
    "project_number": "560163524626",
    "firebase_url": "https://clicker9000-79e1f.firebaseio.com",
    "project_id": "clicker9000-79e1f",
    "storage_bucket": "clicker9000-79e1f.appspot.com"
  },
  "client": [
    {
      "client_info": {
        "mobilesdk_app_id": "1:560163524626:android:0c95feffc55f5c53",
        "android_client_info": {
          "package_name": "com.example.examen.clicker9000"
        }
      },
      "oauth_client": [
        {
          "client_id": "560163524626-k7ej0nl9b9ntl99dj99unee033lb91b7.apps.googleusercontent.com",
          "client_type": 3
        }
      ],
      "api_key": [
        {
          "current_key": "AIzaSyA5OnKRKKi3_5b6RTMYvanqSIdM8_nd5yY"
        }
      ],
      "services": {
        "analytics_service": {
          "status": 1
        },
        "appinvite_service": {
          "status": 1,
          "other_platform_oauth_client": []
        },
        "ads_service": {
          "status": 2
        }
      }
    }
  ],
  "configuration_version": "1"
}