{
  "project_info": {
    "project_number": "337065453562",
    "firebase_url": "https://chatgrupal-23391.firebaseio.com",
    "project_id": "chatgrupal-23391",
    "storage_bucket": "chatgrupal-23391.appspot.com"
  },
  "client": [
    {
      "client_info": {
        "mobilesdk_app_id": "1:337065453562:android:7591c6068f829cfb",
        "android_client_info": {
          "package_name": "com.example.parra.chatglobal"
        }
      },
      "oauth_client": [
        {
          "client_id": "337065453562-7agau7tlkd9et5hh4hig6ek2q8pa12jh.apps.googleusercontent.com",
          "client_type": 3
        }
      ],
      "api_key": [
        {
          "current_key": "AIzaSyDjSAbix1sK_0srmv9S3XkE7tsEz2h31ms"
        }
      ],
      "services": {
        "analytics_service": {
          "status": 1
        },
        "appinvite_service": {
          "status": 1,
          "other_platform_oauth_client": []
        },
        "ads_service": {
          "status": 2
        }
      }
    }
  ],
  "configuration_version": "1"
}