{
  "project_info": {
    "project_number": "1045476482065",
    "firebase_url": "https://albertoparrav2.firebaseio.com",
    "project_id": "albertoparrav2",
    "storage_bucket": "albertoparrav2.appspot.com"
  },
  "client": [
    {
      "client_info": {
        "mobilesdk_app_id": "1:1045476482065:android:fd95dc2f504c9ba0",
        "android_client_info": {
          "package_name": "com.example.parra.clickerroyale"
        }
      },
      "oauth_client": [
        {
          "client_id": "1045476482065-dlsmt0cf2odln5g08b0jbe4uvoc5aamg.apps.googleusercontent.com",
          "client_type": 3
        }
      ],
      "api_key": [
        {
          "current_key": "AIzaSyCygfZ7-7kpWn25N4WXd9EroXhgBAu1s54"
        }
      ],
      "services": {
        "analytics_service": {
          "status": 1
        },
        "appinvite_service": {
          "status": 1,
          "other_platform_oauth_client": []
        },
        "ads_service": {
          "status": 2
        }
      }
    }
  ],
  "configuration_version": "1"
}